arm,endpoint,metric,mean,sd,defined_seeds
bs16_baseline,pcr,auroc,0.6470414201183432,0.06594207220815781,20
bs16_baseline,pcr,auprc,0.32817091616182725,0.07317901659995782,20
bs16_baseline,pcr,accuracy,0.7146153846153844,0.07993691065744439,20
bs16_baseline,pcr,sensitivity,0.2730769230769231,0.16265279810454036,20
bs16_baseline,pcr,specificity,0.825,0.12951590387030087,20
bs16_baseline,pcr,precision,0.30247609985156254,0.131680603910958,20
bs16_baseline,pcr,f1,0.2588701613109996,0.10044171873919339,20
bs16_baseline,pcr,mcc,0.1072207294581881,0.1040276748192603,20
bs16_baseline,pcr,bce,0.6603233539962547,0.10378407466184664,20
bs16_baseline,pcr,brier,0.19815538730135002,0.022064504462243742,20
bs16_baseline,recurrence,auroc,0.6093450980392157,0.08582320974745263,20
bs16_baseline,recurrence,auprc,0.3825805179199569,0.11221297296042566,20
bs16_baseline,recurrence,accuracy,0.7153846153846154,0.0505343604101374,20
bs16_baseline,recurrence,sensitivity,0.23190476190476192,0.15083093238293,20
bs16_baseline,recurrence,specificity,0.8544705882352941,0.05671357252515072,20
bs16_baseline,recurrence,precision,0.29846014687926453,0.16636162766869442,20
bs16_baseline,recurrence,f1,0.2542333249037635,0.15238402993028224,20
bs16_baseline,recurrence,mcc,0.09007003034018067,0.17031798367118342,20
bs16_baseline,recurrence,bce,0.6850612842089931,0.13631883093402944,20
bs16_baseline,recurrence,brier,0.2088784130025247,0.036239951295912044,20
bs16_lr1_alpha05,pcr,auroc,0.6343195266272189,0.07036000730450293,20
bs16_lr1_alpha05,pcr,auprc,0.32622990953099407,0.08118012632835761,20
bs16_lr1_alpha05,pcr,accuracy,0.7407692307692308,0.04609307740312869,20
bs16_lr1_alpha05,pcr,sensitivity,0.19615384615384618,0.11831633142620292,20
bs16_lr1_alpha05,pcr,specificity,0.876923076923077,0.0652594658442717,20
bs16_lr1_alpha05,pcr,precision,0.2874694981660927,0.15861574844203122,20
bs16_lr1_alpha05,pcr,f1,0.22169313084663403,0.11634748133829348,20
bs16_lr1_alpha05,pcr,mcc,0.08480974277172557,0.12744591789451856,20
bs16_lr1_alpha05,pcr,bce,0.5674742837494264,0.07903834977018506,20
bs16_lr1_alpha05,pcr,brier,0.17834016952169743,0.017236988946398125,20
bs16_lr1_alpha05,recurrence,auroc,0.6045193277310925,0.08995307154374352,20
bs16_lr1_alpha05,recurrence,auprc,0.36982490866596224,0.09860876225045986,20
bs16_lr1_alpha05,recurrence,accuracy,0.7469230769230768,0.04799953285353496,20
bs16_lr1_alpha05,recurrence,sensitivity,0.18880952380952382,0.14549178714452146,20
bs16_lr1_alpha05,recurrence,specificity,0.906843137254902,0.06657912968431345,20
bs16_lr1_alpha05,recurrence,precision,0.39410991785991784,0.22150539155305177,20
bs16_lr1_alpha05,recurrence,f1,0.23583839188224034,0.13422681065771583,20
bs16_lr1_alpha05,recurrence,mcc,0.1313994720607601,0.16022307166462257,20
bs16_lr1_alpha05,recurrence,bce,0.6177384782177036,0.10045158414272663,20
bs16_lr1_alpha05,recurrence,brier,0.19372762451251596,0.03240929671646391,20
bs16_lr1_s2b2,pcr,auroc,0.6405325443786982,0.05718600956631328,20
bs16_lr1_s2b2,pcr,auprc,0.3227887644340659,0.07685014511159544,20
bs16_lr1_s2b2,pcr,accuracy,0.7353846153846154,0.049814354829275785,20
bs16_lr1_s2b2,pcr,sensitivity,0.19615384615384618,0.15877724927182815,20
bs16_lr1_s2b2,pcr,specificity,0.8701923076923077,0.07219125563543773,20
bs16_lr1_s2b2,pcr,precision,0.2719282637297343,0.15505761439084148,20
bs16_lr1_s2b2,pcr,f1,0.20974141603156043,0.1410311998626597,20
bs16_lr1_s2b2,pcr,mcc,0.07187039603729281,0.14797993709550966,20
bs16_lr1_s2b2,pcr,bce,0.6174220658118058,0.11235978923733128,20
bs16_lr1_s2b2,pcr,brier,0.1895896061805993,0.023073423465727844,20
bs16_lr1_s2b2,recurrence,auroc,0.602455462184874,0.0935614652720911,20
bs16_lr1_s2b2,recurrence,auprc,0.3790130874822486,0.10462751533762851,20
bs16_lr1_s2b2,recurrence,accuracy,0.7261538461538461,0.05389818192041135,20
bs16_lr1_s2b2,recurrence,sensitivity,0.2545238095238095,0.1706713644515454,20
bs16_lr1_s2b2,recurrence,specificity,0.8613333333333333,0.0795332709538069,20
bs16_lr1_s2b2,recurrence,precision,0.35558793058793065,0.17420974144789064,20
bs16_lr1_s2b2,recurrence,f1,0.27631587369526295,0.14224684968816032,20
bs16_lr1_s2b2,recurrence,mcc,0.13156767451569584,0.160050402776943,20
bs16_lr1_s2b2,recurrence,bce,0.6668003278546527,0.1502871770792699,20
bs16_lr1_s2b2,recurrence,brier,0.20394424782187887,0.038057630842489164,20
bs16_alpha05_s2b2,pcr,auroc,0.643491124260355,0.058831943259008534,20
bs16_alpha05_s2b2,pcr,auprc,0.3162203036454114,0.08005519469460078,20
bs16_alpha05_s2b2,pcr,accuracy,0.7361538461538462,0.05675212320266058,20
bs16_alpha05_s2b2,pcr,sensitivity,0.19615384615384618,0.16643812837251118,20
bs16_alpha05_s2b2,pcr,specificity,0.8711538461538462,0.09108074589854358,20
bs16_alpha05_s2b2,pcr,precision,0.24181595365418893,0.17736363899179447,20
bs16_alpha05_s2b2,pcr,f1,0.20025193455334306,0.15465939846611967,20
bs16_alpha05_s2b2,pcr,mcc,0.06430583663179192,0.14546581448914167,20
bs16_alpha05_s2b2,pcr,bce,0.5592137315059437,0.07118449099157663,20
bs16_alpha05_s2b2,pcr,brier,0.17731740436560758,0.017035399017074095,20
bs16_alpha05_s2b2,recurrence,auroc,0.6108890756302521,0.09713053002109122,20
bs16_alpha05_s2b2,recurrence,auprc,0.37843089541979247,0.11097818173038353,20
bs16_alpha05_s2b2,recurrence,accuracy,0.7384615384615384,0.05947973335127761,20
bs16_alpha05_s2b2,recurrence,sensitivity,0.21404761904761904,0.1277143529965677,20
bs16_alpha05_s2b2,recurrence,specificity,0.8890980392156862,0.07739109910973493,20
bs16_alpha05_s2b2,recurrence,precision,0.4099685767448925,0.273359517584397,20
bs16_alpha05_s2b2,recurrence,f1,0.25986474817266314,0.13175364921269533,20
bs16_alpha05_s2b2,recurrence,mcc,0.14150985696621987,0.17679693075280642,20
bs16_alpha05_s2b2,recurrence,bce,0.6041301414904114,0.10971499768363747,20
bs16_alpha05_s2b2,recurrence,brier,0.19122039841301716,0.036364367414581725,20
bs16_lr1_alpha05_s2b2,pcr,auroc,0.6409023668639051,0.06203718886993169,20
bs16_lr1_alpha05_s2b2,pcr,auprc,0.3264560560006455,0.0812132482640679,20
bs16_lr1_alpha05_s2b2,pcr,accuracy,0.7253846153846155,0.06378002526298883,20
bs16_lr1_alpha05_s2b2,pcr,sensitivity,0.1653846153846154,0.12296300395880222,20
bs16_lr1_alpha05_s2b2,pcr,specificity,0.8653846153846153,0.08622864017712092,20
bs16_lr1_alpha05_s2b2,pcr,precision,0.27525210084033613,0.23079247035655834,20
bs16_lr1_alpha05_s2b2,pcr,f1,0.1841083546695373,0.12257022013305088,20
bs16_lr1_alpha05_s2b2,pcr,mcc,0.04496182774123,0.14911440656801947,20
bs16_lr1_alpha05_s2b2,pcr,bce,0.5627737013580133,0.07399221025094514,20
bs16_lr1_alpha05_s2b2,pcr,brier,0.1787831216510824,0.0184775947104899,20
bs16_lr1_alpha05_s2b2,recurrence,auroc,0.604041456582633,0.08933421538597419,20
bs16_lr1_alpha05_s2b2,recurrence,auprc,0.37961563610454213,0.10667195721636666,20
bs16_lr1_alpha05_s2b2,recurrence,accuracy,0.7484615384615384,0.05653219552707822,20
bs16_lr1_alpha05_s2b2,recurrence,sensitivity,0.2314285714285714,0.14684004984571464,20
bs16_lr1_alpha05_s2b2,recurrence,specificity,0.8969411764705884,0.06618188335467952,20
bs16_lr1_alpha05_s2b2,recurrence,precision,0.41010912698412705,0.22909262380361695,20
bs16_lr1_alpha05_s2b2,recurrence,f1,0.281867527675308,0.15237655502752592,20
bs16_lr1_alpha05_s2b2,recurrence,mcc,0.1626346011812949,0.18751428143768162,20
bs16_lr1_alpha05_s2b2,recurrence,bce,0.6042125412710354,0.0962620648148957,20
bs16_lr1_alpha05_s2b2,recurrence,brier,0.18967072563835707,0.030537884591141755,20
bs8_baseline,pcr,auroc,0.629068047337278,0.06890826584212788,20
bs8_baseline,pcr,auprc,0.3083779989956491,0.08060202287392731,20
bs8_baseline,pcr,accuracy,0.726153846153846,0.06744895528919989,20
bs8_baseline,pcr,sensitivity,0.18076923076923077,0.1373209884806281,20
bs8_baseline,pcr,specificity,0.8625,0.09751566005085623,20
bs8_baseline,pcr,precision,0.2763148289618878,0.19469335696872658,20
bs8_baseline,pcr,f1,0.19593479876290482,0.11780785759320613,20
bs8_baseline,pcr,mcc,0.05856146095399162,0.14463124110519351,20
bs8_baseline,pcr,bce,0.6725886005919162,0.12916514794211514,20
bs8_baseline,pcr,brier,0.2013104105696925,0.027470086706555357,20
bs8_baseline,recurrence,auroc,0.6106257703081232,0.08391693666361241,20
bs8_baseline,recurrence,auprc,0.36218292658453943,0.09258900460389316,20
bs8_baseline,recurrence,accuracy,0.7299999999999999,0.04851581049466152,20
bs8_baseline,recurrence,sensitivity,0.23023809523809521,0.1397940192723663,20
bs8_baseline,recurrence,specificity,0.8734117647058823,0.0671572552021255,20
bs8_baseline,recurrence,precision,0.34800061050061054,0.17577354165171843,20
bs8_baseline,recurrence,f1,0.26414363376816963,0.1390273020698325,20
bs8_baseline,recurrence,mcc,0.12150508964225822,0.15728621773669427,20
bs8_baseline,recurrence,bce,0.6999089167827919,0.1598486234489131,20
bs8_baseline,recurrence,brier,0.20845047636869923,0.03790859576707778,20
bs8_lr1_alpha05,pcr,auroc,0.6484467455621302,0.058610849299484895,20
bs8_lr1_alpha05,pcr,auprc,0.3295293563300999,0.07276706323789132,20
bs8_lr1_alpha05,pcr,accuracy,0.750769230769231,0.052729898822536564,20
bs8_lr1_alpha05,pcr,sensitivity,0.1576923076923077,0.1259655947055278,20
bs8_lr1_alpha05,pcr,specificity,0.8990384615384615,0.07483892180379742,20
bs8_lr1_alpha05,pcr,precision,0.3063537851037851,0.18054660378050966,20
bs8_lr1_alpha05,pcr,f1,0.18714473284574654,0.12029157473874506,20
bs8_lr1_alpha05,pcr,mcc,0.0770578322590838,0.13193382281526334,20
bs8_lr1_alpha05,pcr,bce,0.5571577045746356,0.07692800373766127,20
bs8_lr1_alpha05,pcr,brier,0.17378319586265337,0.016113633180284956,20
bs8_lr1_alpha05,recurrence,auroc,0.6240694677871148,0.0905144023859535,20
bs8_lr1_alpha05,recurrence,auprc,0.38744059206404324,0.11517344378490639,20
bs8_lr1_alpha05,recurrence,accuracy,0.7530769230769232,0.05293620965011411,20
bs8_lr1_alpha05,recurrence,sensitivity,0.16809523809523813,0.10388215711053875,20
bs8_lr1_alpha05,recurrence,specificity,0.9208235294117648,0.05979560076780855,20
bs8_lr1_alpha05,recurrence,precision,0.4461969974469975,0.28057938119651543,20
bs8_lr1_alpha05,recurrence,f1,0.22947528833320993,0.13180108468819826,20
bs8_lr1_alpha05,recurrence,mcc,0.14108115831275608,0.1765635005360525,20
bs8_lr1_alpha05,recurrence,bce,0.592576859441725,0.10157195487147007,20
bs8_lr1_alpha05,recurrence,brier,0.18548923431185688,0.033868684205754764,20
bs8_lr1_s2b2,pcr,auroc,0.6432692307692307,0.0710971382147571,20
bs8_lr1_s2b2,pcr,auprc,0.3274309861785171,0.08739345235835573,20
bs8_lr1_s2b2,pcr,accuracy,0.7338461538461538,0.07095908348561623,20
bs8_lr1_s2b2,pcr,sensitivity,0.19230769230769232,0.16270065827862445,20
bs8_lr1_s2b2,pcr,specificity,0.8692307692307691,0.11013708510212579,20
bs8_lr1_s2b2,pcr,precision,0.27109899749373434,0.16555026627500238,20
bs8_lr1_s2b2,pcr,f1,0.20050411694234724,0.13072081266553442,20
bs8_lr1_s2b2,pcr,mcc,0.07136042285990755,0.13387716278242576,20
bs8_lr1_s2b2,pcr,bce,0.644088472717711,0.13339754404477822,20
bs8_lr1_s2b2,pcr,brier,0.1918856309764063,0.03164194889864696,20
bs8_lr1_s2b2,recurrence,auroc,0.6171008403361344,0.08703156487991166,20
bs8_lr1_s2b2,recurrence,auprc,0.36316870537829127,0.09621245140449604,20
bs8_lr1_s2b2,recurrence,accuracy,0.7315384615384616,0.0474776414785029,20
bs8_lr1_s2b2,recurrence,sensitivity,0.1969047619047619,0.10220477935625384,20
bs8_lr1_s2b2,recurrence,specificity,0.8852745098039216,0.06773997597049243,20
bs8_lr1_s2b2,recurrence,precision,0.35525274433169163,0.19993365254043832,20
bs8_lr1_s2b2,recurrence,f1,0.23914413784534605,0.108434629047836,20
bs8_lr1_s2b2,recurrence,mcc,0.10765224032189191,0.1346998157011999,20
bs8_lr1_s2b2,recurrence,bce,0.6822171834170043,0.15645872739867528,20
bs8_lr1_s2b2,recurrence,brier,0.20325871036235163,0.0370618089740383,20
bs8_alpha05_s2b2,pcr,auroc,0.6536982248520711,0.08321048306061794,20
bs8_alpha05_s2b2,pcr,auprc,0.332116120871156,0.08719396262133486,20
bs8_alpha05_s2b2,pcr,accuracy,0.7515384615384616,0.05564379303677232,20
bs8_alpha05_s2b2,pcr,sensitivity,0.13846153846153847,0.14680231168789756,20
bs8_alpha05_s2b2,pcr,specificity,0.9048076923076925,0.07754681329932728,20
bs8_alpha05_s2b2,pcr,precision,0.23213553603259487,0.19433075292583607,20
bs8_alpha05_s2b2,pcr,f1,0.15978519258993265,0.15210349708829993,20
bs8_alpha05_s2b2,pcr,mcc,0.04513831643496291,0.15554718891799657,20
bs8_alpha05_s2b2,pcr,bce,0.5589066087492328,0.08758045444995806,20
bs8_alpha05_s2b2,pcr,brier,0.172685882815294,0.020316745936653037,20
bs8_alpha05_s2b2,recurrence,auroc,0.6166918767507003,0.08374543342020446,20
bs8_alpha05_s2b2,recurrence,auprc,0.3708522760499628,0.10002406331900716,20
bs8_alpha05_s2b2,recurrence,accuracy,0.7453846153846154,0.05363753688244198,20
bs8_alpha05_s2b2,recurrence,sensitivity,0.1492857142857143,0.10984778280003768,20
bs8_alpha05_s2b2,recurrence,specificity,0.916921568627451,0.07106276401114624,20
bs8_alpha05_s2b2,recurrence,precision,0.37105190131505916,0.24017905109521498,19
bs8_alpha05_s2b2,recurrence,f1,0.19434058563443404,0.13083008494548828,20
bs8_alpha05_s2b2,recurrence,mcc,0.10197344811378822,0.1453010089128539,19
bs8_alpha05_s2b2,recurrence,bce,0.6040706014984393,0.08603101925580076,20
bs8_alpha05_s2b2,recurrence,brier,0.18940182476624248,0.030479522759749765,20
bs8_lr1_alpha05_s2b2,pcr,auroc,0.6344674556213017,0.07683303908158276,20
bs8_lr1_alpha05_s2b2,pcr,auprc,0.3164788484826794,0.07483477699271925,20
bs8_lr1_alpha05_s2b2,pcr,accuracy,0.76,0.04067325039922424,20
bs8_lr1_alpha05_s2b2,pcr,sensitivity,0.11538461538461538,0.09825636517823157,20
bs8_lr1_alpha05_s2b2,pcr,specificity,0.9211538461538462,0.05435703278685718,20
bs8_lr1_alpha05_s2b2,pcr,precision,0.27465064175590487,0.176775979578705,19
bs8_lr1_alpha05_s2b2,pcr,f1,0.1502556301627509,0.11486003080490395,20
bs8_lr1_alpha05_s2b2,pcr,mcc,0.05426483823675466,0.12680615918505575,19
bs8_lr1_alpha05_s2b2,pcr,bce,0.5730387795182075,0.0878410800271222,20
bs8_lr1_alpha05_s2b2,pcr,brier,0.174872337109989,0.01893122197022127,20
bs8_lr1_alpha05_s2b2,recurrence,auroc,0.6105019607843136,0.09253626901588761,20
bs8_lr1_alpha05_s2b2,recurrence,auprc,0.37820863885255185,0.11727921104773925,20
bs8_lr1_alpha05_s2b2,recurrence,accuracy,0.7623076923076924,0.04505438078897318,20
bs8_lr1_alpha05_s2b2,recurrence,sensitivity,0.15571428571428575,0.11567761416499048,20
bs8_lr1_alpha05_s2b2,recurrence,specificity,0.9366862745098038,0.04805388878921921,20
bs8_lr1_alpha05_s2b2,recurrence,precision,0.4351266788766789,0.21535551347119533,20
bs8_lr1_alpha05_s2b2,recurrence,f1,0.2174498349486571,0.14012523905203333,20
bs8_lr1_alpha05_s2b2,recurrence,mcc,0.14178937770822816,0.16422541045291042,20
bs8_lr1_alpha05_s2b2,recurrence,bce,0.6007942847033658,0.09275353476357825,20
bs8_lr1_alpha05_s2b2,recurrence,brier,0.18653870767577543,0.030212310889666708,20
bs4_baseline,pcr,auroc,0.6345414201183434,0.07210281654292233,20
bs4_baseline,pcr,auprc,0.319878833062361,0.08262030510261073,20
bs4_baseline,pcr,accuracy,0.7338461538461539,0.044392855626155185,20
bs4_baseline,pcr,sensitivity,0.13846153846153847,0.11864489726685193,20
bs4_baseline,pcr,specificity,0.8826923076923077,0.0639031987488847,20
bs4_baseline,pcr,precision,0.2231349206349206,0.14625666566982293,20
bs4_baseline,pcr,f1,0.16006882372150164,0.11088203041551739,20
bs4_baseline,pcr,mcc,0.023377191656469894,0.12228249062165573,20
bs4_baseline,pcr,bce,0.719793465249741,0.12015627125085983,20
bs4_baseline,pcr,brier,0.20348727331611652,0.024524527428002162,20
bs4_baseline,recurrence,auroc,0.6197338935574229,0.06995500823414753,20
bs4_baseline,recurrence,auprc,0.3848295906583966,0.10018460542194596,20
bs4_baseline,recurrence,accuracy,0.7315384615384616,0.05455861792978239,20
bs4_baseline,recurrence,sensitivity,0.2454761904761905,0.12845975842941681,20
bs4_baseline,recurrence,specificity,0.8712941176470588,0.054412620973375785,20
bs4_baseline,recurrence,precision,0.35285575535575536,0.15432494253530646,20
bs4_baseline,recurrence,f1,0.28448082722634915,0.137371435521547,20
bs4_baseline,recurrence,mcc,0.13357556415019253,0.16298532453362882,20
bs4_baseline,recurrence,bce,0.7328533061179349,0.1571785452540526,20
bs4_baseline,recurrence,brier,0.2111556020684105,0.04023299018066214,20
bs4_lr1_alpha05,pcr,auroc,0.6431213017751479,0.06909687647703885,20
bs4_lr1_alpha05,pcr,auprc,0.32136294201878685,0.0824948431143224,20
bs4_lr1_alpha05,pcr,accuracy,0.7661538461538463,0.03688256887256738,20
bs4_lr1_alpha05,pcr,sensitivity,0.1423076923076923,0.10957009505472781,20
bs4_lr1_alpha05,pcr,specificity,0.9221153846153847,0.04730143798557248,20
bs4_lr1_alpha05,pcr,precision,0.33488095238095233,0.2485082297538663,20
bs4_lr1_alpha05,pcr,f1,0.18425672528216613,0.12930585055999544,20
bs4_lr1_alpha05,pcr,mcc,0.0907447393840601,0.14609355612044053,20
bs4_lr1_alpha05,pcr,bce,0.5608552618346572,0.07063123212651921,20
bs4_lr1_alpha05,pcr,brier,0.17364309187851662,0.015137836649816638,20
bs4_lr1_alpha05,recurrence,auroc,0.6155490196078431,0.09284376649796516,20
bs4_lr1_alpha05,recurrence,auprc,0.3774706169994314,0.10955067451161025,20
bs4_lr1_alpha05,recurrence,accuracy,0.7561538461538462,0.04897580739886379,20
bs4_lr1_alpha05,recurrence,sensitivity,0.16404761904761905,0.12777974956577812,20
bs4_lr1_alpha05,recurrence,specificity,0.9267843137254903,0.05900091588985102,20
bs4_lr1_alpha05,recurrence,precision,0.41527777777777775,0.28490063587097886,20
bs4_lr1_alpha05,recurrence,f1,0.21741658888648346,0.14749260854942223,20
bs4_lr1_alpha05,recurrence,mcc,0.13282241394324623,0.17200573732464391,20
bs4_lr1_alpha05,recurrence,bce,0.605544187831344,0.10326021790221848,20
bs4_lr1_alpha05,recurrence,brier,0.18829754717556885,0.03198831864011437,20
bs4_lr1_s2b2,pcr,auroc,0.6389792899408284,0.06518331195778576,20
bs4_lr1_s2b2,pcr,auprc,0.3216738183053749,0.08070382547061102,20
bs4_lr1_s2b2,pcr,accuracy,0.7369230769230769,0.05208813172124628,20
bs4_lr1_s2b2,pcr,sensitivity,0.17692307692307693,0.1299210406304735,20
bs4_lr1_s2b2,pcr,specificity,0.8769230769230768,0.06760345659436871,20
bs4_lr1_s2b2,pcr,precision,0.27271964146964145,0.1594708851948977,20
bs4_lr1_s2b2,pcr,f1,0.20196533703654446,0.1273659053442029,20
bs4_lr1_s2b2,pcr,mcc,0.0644101134099265,0.1448337636416121,20
bs4_lr1_s2b2,pcr,bce,0.6777446891355539,0.15853632498485007,20
bs4_lr1_s2b2,pcr,brier,0.19830598243850725,0.03398380418230167,20
bs4_lr1_s2b2,recurrence,auroc,0.5925378151260505,0.08013953945288885,20
bs4_lr1_s2b2,recurrence,auprc,0.35759542607150563,0.10836460506389,20
bs4_lr1_s2b2,recurrence,accuracy,0.7200000000000001,0.05769365720418943,20
bs4_lr1_s2b2,recurrence,sensitivity,0.19095238095238093,0.12200242798184228,20
bs4_lr1_s2b2,recurrence,specificity,0.8725098039215686,0.07454096355683595,20
bs4_lr1_s2b2,recurrence,precision,0.3431822344322344,0.2345063028876133,20
bs4_lr1_s2b2,recurrence,f1,0.22619764477429394,0.1222285600329813,20
bs4_lr1_s2b2,recurrence,mcc,0.0873358914780897,0.16338110725996527,20
bs4_lr1_s2b2,recurrence,bce,0.7263005391837084,0.1648000551857778,20
bs4_lr1_s2b2,recurrence,brier,0.2130657145156266,0.04181452900000503,20
bs4_alpha05_s2b2,pcr,auroc,0.6418639053254438,0.06515932162074616,20
bs4_alpha05_s2b2,pcr,auprc,0.31486088636969745,0.07196819075360236,20
bs4_alpha05_s2b2,pcr,accuracy,0.756923076923077,0.03407358260374708,20
bs4_alpha05_s2b2,pcr,sensitivity,0.12307692307692308,0.1070542113751476,20
bs4_alpha05_s2b2,pcr,specificity,0.9153846153846154,0.04385290096535145,20
bs4_alpha05_s2b2,pcr,precision,0.26065476190476194,0.2002621934992342,20
bs4_alpha05_s2b2,pcr,f1,0.15810723704686552,0.1211168760718038,20
bs4_alpha05_s2b2,pcr,mcc,0.04941311239133322,0.1386675375439178,20
bs4_alpha05_s2b2,pcr,bce,0.568990144952235,0.0773136369968749,20
bs4_alpha05_s2b2,pcr,brier,0.17481657325673644,0.015228121811591167,20
bs4_alpha05_s2b2,recurrence,auroc,0.601944537815126,0.0827588635163421,20
bs4_alpha05_s2b2,recurrence,auprc,0.3607487642758393,0.08105310080798805,20
bs4_alpha05_s2b2,recurrence,accuracy,0.753846153846154,0.028235782630223007,20
bs4_alpha05_s2b2,recurrence,sensitivity,0.14166666666666666,0.07259490539161327,20
bs4_alpha05_s2b2,recurrence,specificity,0.9297647058823528,0.03572490226180573,20
bs4_alpha05_s2b2,recurrence,precision,0.37656746031746036,0.14146093651436248,20
bs4_alpha05_s2b2,recurrence,f1,0.1995139449473815,0.08840146040979106,20
bs4_alpha05_s2b2,recurrence,mcc,0.10753664794185806,0.10182912024167352,20
bs4_alpha05_s2b2,recurrence,bce,0.6047024888471383,0.09631606005698103,20
bs4_alpha05_s2b2,recurrence,brier,0.1870206978536709,0.026005024564683104,20
bs4_lr1_alpha05_s2b2,pcr,auroc,0.6370562130177515,0.06002820284575206,20
bs4_lr1_alpha05_s2b2,pcr,auprc,0.3120070967487031,0.07326506686796233,20
bs4_lr1_alpha05_s2b2,pcr,accuracy,0.7492307692307693,0.03705106024243784,20
bs4_lr1_alpha05_s2b2,pcr,sensitivity,0.12307692307692308,0.09135813899639407,20
bs4_lr1_alpha05_s2b2,pcr,specificity,0.9057692307692307,0.04747600157585564,20
bs4_lr1_alpha05_s2b2,pcr,precision,0.24870171495171492,0.16092553173267715,20
bs4_lr1_alpha05_s2b2,pcr,f1,0.15758681205275632,0.10625697056482643,20
bs4_lr1_alpha05_s2b2,pcr,mcc,0.038464573958443014,0.12393424099950104,20
bs4_lr1_alpha05_s2b2,pcr,bce,0.5723576476477834,0.0776733701130562,20
bs4_lr1_alpha05_s2b2,pcr,brier,0.17740096084405985,0.01678788119934036,20
bs4_lr1_alpha05_s2b2,recurrence,auroc,0.5901232492997198,0.08941782938229623,20
bs4_lr1_alpha05_s2b2,recurrence,auprc,0.35862156304781323,0.11311261681914414,20
bs4_lr1_alpha05_s2b2,recurrence,accuracy,0.7507692307692307,0.05080479676811671,20
bs4_lr1_alpha05_s2b2,recurrence,sensitivity,0.14571428571428569,0.10562867675449727,20
bs4_lr1_alpha05_s2b2,recurrence,specificity,0.924843137254902,0.049496262542396426,20
bs4_lr1_alpha05_s2b2,recurrence,precision,0.3813888888888889,0.1974058790974232,20
bs4_lr1_alpha05_s2b2,recurrence,f1,0.2035391266276984,0.1311740232891349,20
bs4_lr1_alpha05_s2b2,recurrence,mcc,0.10830402536286099,0.16454682588793842,20
bs4_lr1_alpha05_s2b2,recurrence,bce,0.6154416087489395,0.09841564272269454,20
bs4_lr1_alpha05_s2b2,recurrence,brier,0.19098713753299723,0.03280788699816342,20
logistic,pcr,auroc,0.6514053254437868,0.06720991457135847,20
logistic,pcr,auprc,0.3390203381501077,0.08969542400747602,20
logistic,pcr,accuracy,0.7946153846153848,0.013462984306391099,20
logistic,pcr,sensitivity,0.023076923076923078,0.03616633430627902,20
logistic,pcr,specificity,0.9874999999999998,0.015629378863216335,20
logistic,pcr,precision,0.3194444444444445,0.3857194074446621,12
logistic,pcr,f1,0.040535714285714286,0.06362380273338801,20
logistic,pcr,mcc,0.04597750700944151,0.13149788212651928,12
logistic,pcr,bce,0.5053716429174575,0.06568065709755093,20
logistic,pcr,brier,0.15740631728994423,0.010970971357647318,20
logistic,recurrence,auroc,0.6190521008403361,0.08958038652358559,20
logistic,recurrence,auprc,0.38829247872508266,0.11243523992192762,20
logistic,recurrence,accuracy,0.7661538461538462,0.04011816864740092,20
logistic,recurrence,sensitivity,0.1107142857142857,0.09475913397543623,20
logistic,recurrence,specificity,0.9544901960784316,0.04148412756219065,20
logistic,recurrence,precision,0.42956349206349204,0.2958175871793638,18
logistic,recurrence,f1,0.16697951429375577,0.1370343480043257,20
logistic,recurrence,mcc,0.12514742713495075,0.17545181230727658,18
logistic,recurrence,bce,0.5460194377131238,0.06908422758340624,20
logistic,recurrence,brier,0.17382724396264365,0.023903014149805613,20
